t [],x [],y [],z [],spf2.cellRe [Cell Reynolds number],spf2.sr [Shear rate]
0.1,-0.062020188869608826,-0.04527830405648139,0.3811814031724853,4.190910542559847,0.5659609530158798
0.2,-0.062020188869608826,-0.04527830405648139,0.3811814031724853,176.5420152479201,3.595689950716958
